<?xml version="1.0" encoding="UTF-8"?>
<project-private xmlns="http://www.netbeans.org/ns/project-private/1">
    <editor-bookmarks xmlns="http://www.netbeans.org/ns/editor-bookmarks/2" lastBookmarkId="0"/>
    <open-files xmlns="http://www.netbeans.org/ns/projectui-open-files/2">
        <group>
            <file>file:/C:/Users/HP/Downloads/Lab_5/Lab_5/src/ui/AdminRole/AddSupplierJPanel.java</file>
            <file>file:/C:/Users/HP/Downloads/Lab_5/Lab_5/src/ui/SupplierRole/SearchForProductJPanel.java</file>
            <file>file:/C:/Users/HP/Downloads/Lab_5/Lab_5/src/model/Product.java</file>
            <file>file:/C:/Users/HP/Downloads/Lab_5/Lab_5/src/ui/CustomerRole/CustomerWorkAreaJPanel.java</file>
            <file>file:/C:/Users/HP/Downloads/Lab_5/Lab_5/src/ui/SupplierRole/SupplierWorkAreaJPanel.java</file>
            <file>file:/C:/Users/HP/Downloads/Lab_5/Lab_5/src/model/ProductCatalog.java</file>
            <file>file:/C:/Users/HP/Downloads/Lab_5/Lab_5/src/ui/CustomerRole/ViewProductDetailJPanel.java</file>
            <file>file:/C:/Users/HP/Downloads/Lab_5/Lab_5/src/model/Business.java</file>
            <file>file:/C:/Users/HP/Downloads/Lab_5/Lab_5/src/ui/AdminRole/AdminWorkAreaJPanel.java</file>
            <file>file:/C:/Users/HP/Downloads/Lab_5/Lab_5/src/model/SupplierDirectory.java</file>
            <file>file:/C:/Users/HP/Downloads/Lab_5/Lab_5/src/ui/AdminRole/ManageSuppliersJPanel.java</file>
            <file>file:/C:/Users/HP/Downloads/Lab_5/Lab_5/src/model/MasterOrderList.java</file>
            <file>file:/C:/Users/HP/Downloads/Lab_5/Lab_5/src/ui/SupplierRole/ManageProductCatalogJPanel.java</file>
            <file>file:/C:/Users/HP/Downloads/Lab_5/Lab_5/src/ui/SupplierRole/LoginSupplierJPanel.java</file>
            <file>file:/C:/Users/HP/Downloads/Lab_5/Lab_5/src/model/Supplier.java</file>
            <file>file:/C:/Users/HP/Downloads/Lab_5/Lab_5/src/ui/MainJFrame.java</file>
            <file>file:/C:/Users/HP/Downloads/Lab_5/Lab_5/src/ui/SupplierRole/CreateNewProductJPanel.java</file>
            <file>file:/C:/Users/HP/Downloads/Lab_5/Lab_5/src/res/logoPleaseBuySmall.png</file>
            <file>file:/C:/Users/HP/Downloads/Lab_5/Lab_5/src/ui/CustomerRole/ViewOrderItemDetailJPanel.java</file>
            <file>file:/C:/Users/HP/Downloads/Lab_5/Lab_5/src/ui/CustomerRole/BrowseProductsJPanel.java</file>
            <file>file:/C:/Users/HP/Downloads/Lab_5/Lab_5/src/model/OrderItem.java</file>
            <file>file:/C:/Users/HP/Downloads/Lab_5/Lab_5/src/ui/SupplierRole/ViewProductDetailJPanel.java</file>
            <file>file:/C:/Users/HP/Downloads/Lab_5/Lab_5/src/ui/AdminRole/ViewSupplierJPanel.java</file>
            <file>file:/C:/Users/HP/Downloads/Lab_5/Lab_5/src/model/Order.java</file>
            <file>file:/C:/Users/HP/Downloads/Lab_5/Lab_5/src/ui/SupplierRole/SearchResultJPanel.java</file>
        </group>
    </open-files>
</project-private>
